{"cameraMode":{"drawMode":0,"name":"Shaded","section":"Shading Mode"},"sceneLighting":false,"audioPlay":false,"sceneViewState":{"showFog":true,"showMaterialUpdate":false,"showSkybox":true,"showFlares":true,"showImageEffects":true,"showParticleSystems":true},"in2DMode":false,"pivot":{"x":0.44307518005371096,"y":-0.3157310485839844,"z":0.0},"rotation":{"x":-0.29566583037376406,"y":0.16347943246364594,"z":-0.05143251642584801,"w":-0.939793050289154},"size":109.99737548828125,"orthographic":false}