{"cameraMode":{"drawMode":0,"name":"Shaded","section":"Shading Mode"},"sceneLighting":false,"audioPlay":false,"sceneViewState":{"showFog":true,"showMaterialUpdate":false,"showSkybox":true,"showFlares":true,"showImageEffects":true,"showParticleSystems":true},"in2DMode":false,"pivot":{"x":-0.14564445614814759,"y":-0.05952528119087219,"z":0.03524124622344971},"rotation":{"x":-0.10895010828971863,"y":-0.07745430618524552,"z":0.008515480905771256,"w":-0.9909884929656982},"size":4.041658401489258,"orthographic":false}