{"cameraMode":{"drawMode":0,"name":"Shaded","section":"Shading Mode"},"sceneLighting":true,"audioPlay":false,"sceneViewState":{"showFog":true,"showMaterialUpdate":false,"showSkybox":true,"showFlares":true,"showImageEffects":true,"showParticleSystems":true},"in2DMode":false,"pivot":{"x":43.1489143371582,"y":-71.52136993408203,"z":10.39080810546875},"rotation":{"x":-0.13191811740398408,"y":0.004192531108856201,"z":-0.0005587824853137136,"w":-0.9912515878677368},"size":731.0271606445313,"orthographic":false}