{"cameraMode":{"drawMode":0,"name":"Shaded","section":"Shading Mode"},"sceneLighting":false,"audioPlay":false,"sceneViewState":{"showFog":true,"showMaterialUpdate":false,"showSkybox":true,"showFlares":true,"showImageEffects":true,"showParticleSystems":true},"in2DMode":false,"pivot":{"x":121.64230346679688,"y":201.98684692382813,"z":68.48710632324219},"rotation":{"x":0.16781626641750337,"y":0.49043968319892886,"z":-0.0968664214015007,"w":0.8496608734130859},"size":4.357883930206299,"orthographic":false}