{"cameraMode":{"drawMode":0,"name":"Shaded","section":"Shading Mode"},"sceneLighting":true,"audioPlay":false,"sceneViewState":{"showFog":true,"showMaterialUpdate":false,"showSkybox":true,"showFlares":true,"showImageEffects":true,"showParticleSystems":true},"in2DMode":false,"pivot":{"x":-612.7454833984375,"y":-55.93072509765625,"z":39.815704345703128},"rotation":{"x":-0.047460973262786868,"y":0.6341793537139893,"z":-0.039051298052072528,"w":-0.7707392573356628},"size":974.790283203125,"orthographic":false}