{"cameraMode":{"drawMode":0,"name":"Shaded","section":"Shading Mode"},"sceneLighting":false,"audioPlay":false,"sceneViewState":{"showFog":true,"showMaterialUpdate":false,"showSkybox":true,"showFlares":true,"showImageEffects":true,"showParticleSystems":true},"in2DMode":false,"pivot":{"x":102.9800796508789,"y":3.942537307739258,"z":5.363269805908203},"rotation":{"x":-0.018986476585268976,"y":-0.9712579250335693,"z":0.22229702770709992,"w":-0.08295584470033646},"size":44.05854415893555,"orthographic":false}