{"cameraMode":{"drawMode":0,"name":"Shaded","section":"Shading Mode"},"sceneLighting":true,"audioPlay":false,"sceneViewState":{"showFog":true,"showMaterialUpdate":false,"showSkybox":true,"showFlares":true,"showImageEffects":true,"showParticleSystems":true},"in2DMode":false,"pivot":{"x":101.70805358886719,"y":15.95296859741211,"z":-445.9886779785156},"rotation":{"x":-0.2160702794790268,"y":-0.011980711482465268,"z":0.002650681184604764,"w":-0.9763007760047913},"size":30.6488094329834,"orthographic":false}