{"cameraMode":{"drawMode":0,"name":"Shaded","section":"Shading Mode"},"sceneLighting":true,"audioPlay":false,"sceneViewState":{"showFog":true,"showMaterialUpdate":false,"showSkybox":true,"showFlares":true,"showImageEffects":true,"showParticleSystems":true},"in2DMode":false,"pivot":{"x":-120.75132751464844,"y":546.322509765625,"z":300.2947998046875},"rotation":{"x":-0.0044972850009799,"y":0.0368988923728466,"z":-0.00016605530981905758,"w":-0.9993088841438294},"size":2063.25927734375,"orthographic":false}