{"cameraMode":{"drawMode":0,"name":"Shaded","section":"Shading Mode"},"sceneLighting":false,"audioPlay":false,"sceneViewState":{"showFog":true,"showMaterialUpdate":false,"showSkybox":true,"showFlares":true,"showImageEffects":true,"showParticleSystems":true},"in2DMode":false,"pivot":{"x":102.97029876708985,"y":3.8236083984375,"z":5.420112609863281},"rotation":{"x":-0.019110888242721559,"y":-0.9709233641624451,"z":0.2237536609172821,"w":-0.08292727172374726},"size":74.57950592041016,"orthographic":false}