{"cameraMode":{"drawMode":0,"name":"Shaded","section":"Shading Mode"},"sceneLighting":false,"audioPlay":false,"sceneViewState":{"showFog":true,"showMaterialUpdate":false,"showSkybox":true,"showFlares":true,"showImageEffects":true,"showParticleSystems":true},"in2DMode":false,"pivot":{"x":106.66029357910156,"y":8.45507526397705,"z":84.68749237060547},"rotation":{"x":-0.16733965277671815,"y":-0.12444526702165604,"z":0.021297892555594446,"w":-0.9777817726135254},"size":22.0,"orthographic":false}