{"cameraMode":{"drawMode":0,"name":"Shaded","section":"Shading Mode"},"sceneLighting":true,"audioPlay":false,"sceneViewState":{"showFog":true,"showMaterialUpdate":false,"showSkybox":true,"showFlares":true,"showImageEffects":true,"showParticleSystems":true},"in2DMode":false,"pivot":{"x":34.830108642578128,"y":36.96003341674805,"z":48.441810607910159},"rotation":{"x":-0.04318847879767418,"y":-0.530581533908844,"z":0.027083655819296838,"w":-0.8460996150970459},"size":366.6607666015625,"orthographic":false}