{"cameraMode":{"drawMode":0,"name":"Shaded","section":"Shading Mode"},"sceneLighting":true,"audioPlay":false,"sceneViewState":{"showFog":true,"showMaterialUpdate":false,"showSkybox":true,"showFlares":true,"showImageEffects":true,"showParticleSystems":true},"in2DMode":false,"pivot":{"x":-112.10491943359375,"y":8.42279052734375,"z":-120.676025390625},"rotation":{"x":-0.2561340928077698,"y":-0.12597249448299409,"z":0.03368651494383812,"w":-0.9578055739402771},"size":525.9248046875,"orthographic":false}