{"cameraMode":{"drawMode":0,"name":"Shaded","section":"Shading Mode"},"sceneLighting":false,"audioPlay":false,"sceneViewState":{"showFog":true,"showMaterialUpdate":false,"showSkybox":true,"showFlares":true,"showImageEffects":true,"showParticleSystems":true},"in2DMode":false,"pivot":{"x":-45.54506301879883,"y":41.96211624145508,"z":-247.4599609375},"rotation":{"x":-0.044956717640161517,"y":0.035955727100372317,"z":-0.0016190495807677508,"w":-0.998340368270874},"size":28.596593856811525,"orthographic":false}