{"cameraMode":{"drawMode":0,"name":"Shaded","section":"Shading Mode"},"sceneLighting":false,"audioPlay":false,"sceneViewState":{"showFog":true,"showMaterialUpdate":false,"showSkybox":true,"showFlares":true,"showImageEffects":true,"showParticleSystems":true},"in2DMode":false,"pivot":{"x":659.0289306640625,"y":282.97027587890627,"z":-258.8912658691406},"rotation":{"x":-0.21273402869701386,"y":0.19805067777633668,"z":-0.04407984018325806,"w":-0.9558123350143433},"size":320.8388671875,"orthographic":false}