{"cameraMode":{"drawMode":0,"name":"Shaded","section":"Shading Mode"},"sceneLighting":true,"audioPlay":false,"sceneViewState":{"showFog":true,"showMaterialUpdate":false,"showSkybox":true,"showFlares":true,"showImageEffects":true,"showParticleSystems":true},"in2DMode":false,"pivot":{"x":26.032730102539064,"y":265.0673828125,"z":35.74469757080078},"rotation":{"x":-0.23106947541236878,"y":0.7010854482650757,"z":-0.26029926538467409,"w":-0.6223587989807129},"size":256.49139404296877,"orthographic":false}